population_seed,sample_index,split,numerical_rank,relative_sigma_8,sigma_1,sigma_2,sigma_3,sigma_4,sigma_5,sigma_6,sigma_7,sigma_8
20260828,0,train,8,0.12369101499003943,27.98948712474915,19.56648702594725,17.45448662902445,14.676430418866612,13.478445504083375,7.991942703263381,6.42156497599968,3.462048071510863
20260828,1,train,8,0.10529948319676984,19.120395964458815,14.161194026165504,11.309862115717888,10.410960988463712,8.797141290179454,4.631372097781935,3.8247390772186374,2.0133678135751167
20260828,2,train,8,0.08706613129418933,22.04441477760279,19.28722695734575,13.084726441142788,10.462354466784287,8.949752423980717,6.345347148521093,3.6710835902990056,1.919321911330332
20260828,3,train,8,0.10143136810401433,21.502818242133106,16.027134976903703,15.275564376205905,13.800666612162729,9.317322342714196,5.888165558919053,4.011587599000903,2.1810602723915173
20260828,4,train,8,0.12177615003324053,19.214503131700603,15.033988988563628,12.95761152292811,10.635833680323794,9.241672800883752,5.546814208815437,4.399059970057666,2.3398682161801427
20260828,5,train,8,0.04705098422473291,16.334964504085594,12.065388778250096,10.78819504559048,8.177824257298381,5.119849553523809,2.871297937076876,2.0405258437423335,0.7685761571933033
20260828,6,train,8,0.07359194578203575,15.083390306349576,9.459785413616897,9.048785520599473,7.622635422822662,5.796277568945846,2.71673491187385,2.3896406689010177,1.1100160416341616
20260828,7,train,8,0.0782612992637658,19.306812565329835,14.604836994154235,13.115513001197467,12.348368204421224,9.134275253472282,5.3548703748129185,3.686185141720685,1.510976236004712
20260828,8,train,8,0.05661385143365776,15.414420754726084,10.599227020254144,8.527746372773922,6.648636735793598,5.879389622501532,2.962876992688304,2.3534788170991323,0.8726697265439533
20260828,9,train,8,0.048868181520047606,15.457842579805963,10.099276950298366,9.13032834208986,8.008021019985007,6.7534362195748185,3.4428405707295946,2.2460832641691115,0.7553966570982787
20260828,10,train,8,0.15147573556194846,21.138472603922445,16.554316096973146,15.5356136212927,13.513510982705862,10.803878991006789,6.77449986676588,5.5966996034950345,3.201965686335248
20260828,11,train,8,0.1351112718465099,21.882006886172462,17.08777736652066,16.399313092765347,14.47043506208699,11.856271608851912,8.05917127658616,5.375435573098929,2.956505780944849
20260828,12,train,8,0.10597144806279937,19.60095665932531,14.35493205782935,12.496931601073374,10.841027135783687,10.16313682695516,5.377368484918217,3.877933904161721,2.0771417606048734
20260828,13,train,8,0.09863722794829795,17.535260410941163,11.91641604544089,10.964573316217793,9.013425513621165,8.3685393832855,4.570783247857002,2.897326977784559,1.7296294782867683
20260828,14,train,8,0.06222223213073528,15.760930836460727,9.93871027495939,9.522138905794929,7.850360370666803,6.499102761656226,3.341041070659441,2.068159496043449,0.9806802971027231
20260828,15,train,8,0.0751148416725935,18.57934682135093,12.89068974503849,11.572734827582762,8.737154710134796,7.13181012889425,3.5779758932690457,2.7672170576426574,1.3955846948659785
20260828,16,train,8,0.11472655541463944,23.80103510002558,17.911645541697343,17.573126720849125,14.348564268206113,12.624373604529374,8.686121493137245,5.970429549769065,2.730610772328863
20260828,17,train,8,0.07682323971084656,19.037217656976644,13.50296553693726,11.450442994940154,10.92461612548387,8.563806565654227,6.012029425193439,2.2889820528788043,1.4625007354894775
20260828,18,train,8,0.055315762629088126,17.316971669383186,13.243431263711676,9.303677028302735,7.280417255656511,6.888238389656057,3.888967300294183,1.8395249417512463,0.9579014943182442
20260828,19,train,8,0.09211894945390439,19.003542677748307,14.259546768569146,10.832055977702845,10.084641192044598,8.130085256350698,4.085268123287287,3.5501908691904998,1.7505863873766112
20260828,20,train,8,0.09082365915338338,20.801376197987512,14.167959521114513,13.506242013124865,10.351898633058447,9.376316731444073,4.813707667808475,3.130169538532869,1.8892571017273196
20260828,21,train,8,0.09724224562313967,16.81256999090435,12.139006019969715,10.820993619504025,10.705048317381399,4.483134994259254,2.928227249137917,2.450717100846416,1.6348920606117479
20260828,22,train,8,0.0471512403172084,16.03653858525863,10.328180591514672,9.906785368733344,7.157467065207573,5.823611103956449,2.841501987784891,2.0335827681800516,0.7561426846897149
20260828,23,train,8,0.11228612816664624,24.173698515495342,18.647712578201133,15.172020317966115,13.009320210096565,11.68118861318838,7.0906591210134176,5.591538900208822,2.714371009772776
20260828,24,train,8,0.08752104088306242,18.15373494709183,13.923866180128531,11.745526002852456,9.142455452606374,7.697070391746697,3.5949838848426143,2.498116815698142,1.588833778484703
20260828,25,train,8,0.11414748619592203,20.01409608407135,14.772163712376857,13.458867121710588,11.879999490028833,10.755080702226971,5.172533006837944,4.9317957380201936,2.2845587564803918
20260828,26,train,8,0.08948576051919757,19.888708006836332,14.686681907775965,13.228555572375162,10.501567370020526,9.926585458810775,5.611714776955047,4.61197377065092,1.7797561617360032
20260828,27,train,8,0.03860485915893497,14.743556541892548,9.544121357849992,8.065047929771673,6.634278710815541,3.438213907476195,1.8889445494662545,1.5698227107988336,0.5691729238015562
20260828,28,train,8,0.09356529616610333,19.67051592605398,14.501685604656096,13.118331228694078,11.243402124826146,8.719060112099957,4.879345023106609,3.5112596385203387,1.840477648361293
20260828,29,train,8,0.0871952873672616,20.79809885812449,16.091555036540267,13.981441712593536,11.273488493090463,10.001702166277118,5.314371004181048,3.8003486685752836,1.8134962066268803
20260828,30,train,8,0.038761425465959475,14.860517305350962,9.239215865879697,8.698958596514533,6.735766310477217,4.811551732740159,1.9316305214106733,1.6548182064317953,0.5760148339169623
20260828,31,train,8,0.0758425024720693,17.01814722171786,11.409248296736198,10.807719430785705,8.858146067697627,7.47585503207988,3.568360899323642,3.4839938405810984,1.2906988727331763
20260828,32,train,8,0.09441899747211635,19.987237595386745,14.321062017334249,13.472512900537298,11.284088690817226,9.35624963476713,5.44590012135311,3.094792144118312,1.8871749359934098
20260828,33,train,8,0.041726720890350004,17.693106954101463,11.858928597598847,10.593842062983432,8.894139783150532,6.461397677477815,3.596853880669147,2.0228719181364303,0.7382753355569025
20260828,34,train,8,0.07143017848662454,18.017452935904917,13.093030302874686,10.769264588537968,9.147970470485378,7.742200757568978,4.233274256175044,2.547041098520204,1.2869898790860457
20260828,35,train,8,0.1387394026849415,24.36576829849318,19.471189927806126,16.78952238004463,14.66103022835662,13.14522785692134,9.67950053501668,5.325281638277984,3.380492139692627
20260828,36,train,8,0.034978904721671616,17.95581579281128,13.206433959433584,8.182803271998328,6.893683989709735,4.970696007541218,3.1176663053069285,1.138554917882402,0.6280747698166322
20260828,37,train,8,0.0973030790165059,18.594125824304427,13.76743539701374,11.984940088535593,11.255909252123509,8.119021668063898,4.455817642824233,3.2204153115254814,1.8092656943251466
20260828,38,train,8,0.13181221827570477,19.496134174026125,15.217110354154013,13.535002984145693,12.458600352396108,9.248221034648388,4.938150419136095,4.304999999975574,2.5698286932791587
20260828,39,train,8,0.0874310616676064,22.49722889835399,16.626396742482985,13.528592718630133,11.094550070417531,9.489457011032277,5.857259252281481,4.273268805866649,1.9669566071622444
20260828,40,train,8,0.11763975397473715,22.524410157656316,19.097202767831142,15.520516802973601,12.58556393095802,10.309180615799876,6.441837433518674,5.100954156154188,2.6497660693727596
20260828,41,train,8,0.10703823238541688,17.842115041332967,13.11634830127802,10.88517597156187,9.491316941506108,6.968698046683297,3.857347186135318,3.251233260919091,1.90978845604154
20260828,42,train,8,0.10107448500294484,17.882807784920228,12.900579722859094,11.586263165374088,10.179153278993656,8.158643472665485,4.168165878040941,3.1933195751667895,1.807495587267465
20260828,43,train,8,0.09729349347962427,18.880067828558154,13.158824112419879,11.459924933219614,9.981116948620786,8.59654791439803,4.306060599226502,3.076028803246237,1.8369077561726865
20260828,44,train,8,0.09800902704016286,16.449912630933994,11.219553307613745,10.905682916214474,7.967227359532267,7.21273340865669,3.7274140726724228,3.1518466144837554,1.6122399318535263
20260828,45,train,8,0.036677402959635605,16.501866052113765,10.551546613826,10.063450682441513,8.125736946810354,7.332358719315673,3.4017125009556684,2.148457255967749,0.6052455907793077
20260828,46,train,8,0.10057933266342398,16.476222526510558,10.919406384448415,10.219412673474142,9.5938970311406,8.170795751818849,4.391651000747849,2.8817327268070985,1.6571674665305052
20260828,47,train,8,0.02548288082655163,12.673311296453988,7.410885995980827,6.660880175392522,5.2540428909246915,4.604834953915123,1.8467163937573061,1.23950715641736,0.3229524814453275
20260828,48,train,8,0.09713924180941097,19.679721214485795,15.756996819026533,12.64981858453126,10.244886064917743,9.877971498481925,4.693803757116874,3.439980438632457,1.9116731977957306
20260828,49,train,8,0.16803659653348646,21.626195426849954,16.482095375494044,14.762499053026932,14.476668507352137,11.628741705570665,7.2799905122546305,5.371702834685377,3.6339922754959155
20260828,50,train,8,0.17350007780478133,26.1719345373161,21.83346556471591,17.795303766724597,16.22670482087852,14.307905427174099,10.644535935986582,6.1093508920946995,4.540832678525987
20260828,51,train,8,0.10074379289421086,21.87866555216695,17.55059447240855,15.378306554164492,13.569201257086968,10.932129360915349,7.068205935021549,6.415646793053644,2.2041397511892127
20260828,52,train,8,0.07903127639222746,22.564553306065026,16.91150859723183,14.863399213822218,11.66978619831646,9.191729435740179,5.604906110830855,3.775955193215936,1.7833054489987747
20260828,53,train,8,0.15120503980828784,21.343791488833997,15.992520655517081,15.525841978821724,12.276028014130627,10.02505926088454,6.758022933089589,5.08463533260937,3.2272888417289396
20260828,54,train,8,0.04397173239960587,19.857532527978897,13.507230005800222,10.250411995159705,8.704674645539107,7.562861623959382,3.0330626697564935,2.688327589243385,0.8731701064367571
20260828,55,train,8,0.11467231484475174,19.16760338134682,14.991111644090891,11.851325492142067,11.160487017253345,7.831020074560324,5.405933115467882,3.7934965833942,2.1979934497651303
20260828,56,train,8,0.10218401304964207,18.335987655454133,14.032307817052732,11.87462434275105,10.90615425042718,8.095049707825229,4.321147104556392,3.6931455776215447,1.8736448018630012
20260828,57,train,8,0.0887089206885068,19.153807858141295,14.100713370396997,12.078918219489111,11.011145600663145,8.601096303042098,4.849031115218371,3.2496564869248985,1.6991136221707546
20260828,58,train,8,0.05827747507833598,17.12694165871247,11.771117934311617,10.729989802996048,8.351228299473645,6.728762836573909,3.22443852778184,2.8199568095421674,0.9981149156837303
20260828,59,train,8,0.10531920717065751,19.20062537574748,13.415801534803519,11.302727819939065,9.677757337078619,6.609909423510104,3.797934771034832,3.5319511338126395,2.022194641754533
20260828,60,train,8,0.06930717715163316,21.61354538286033,14.40473359968636,10.097721056269737,9.28319148416152,8.573292957741382,4.167765311268399,3.5211722144410373,1.497973818724764
20260828,61,train,8,0.0725621432817747,17.419978298501757,11.979526436306395,11.051797175374148,8.902964614769393,8.103926583117683,3.536330146524676,2.3222461761565123,1.2640309612612903
20260828,62,train,8,0.023741703595675397,16.0710775284329,10.082117170565587,8.241054520331263,5.698171525878214,4.642785456114016,1.1576129990210366,1.0004795613402377,0.3815547591431735
20260828,63,train,8,0.12130391137178584,19.065548133738087,15.477912301704768,13.47513527621502,10.461546908710195,9.858759535718775,5.445564210564965,4.746725535381393,2.312725561069482
20260828,64,train,8,0.08985203440364498,20.299971587913866,13.983961575106346,12.381557137216538,11.267400487816454,9.007764329893988,4.775528337657687,3.527092605129962,1.8239937455102522
20260828,65,train,8,0.08289547471674805,20.151454400834968,14.942941759409914,13.136340981012536,11.443987574970013,9.781439483424345,5.910132772919346,4.157356651657857,1.6704643787901163
20260828,66,train,8,0.09707922248191914,18.467234338643035,13.57496531235909,11.535030833372645,10.16592814032597,8.604522329809846,4.418662967058176,3.502428249786507,1.792784750986864
20260828,67,train,8,0.06872994961210595,17.644125925305158,12.37220787010808,11.044002179843332,10.381254696580953,8.263658093466358,3.7559145637750935,2.1925048382213084,1.2126798857958758
20260828,68,train,8,0.06293990420247386,15.856543310517566,9.991856039750234,8.602132952492774,7.438684367555699,5.395488971187753,3.091049580252263,1.567253440662911,0.9980093169463533
20260828,69,train,8,0.07526887545231441,19.697411445986866,13.978379329857326,13.610235932276039,11.729994257332356,8.52558413383829,5.395078842543082,3.1488866020235786,1.4826020088609777
20260828,70,train,8,0.13043117426683026,20.526895936814082,15.987445466717709,15.010106888907869,11.106311270739441,10.624499067202285,6.234981529141243,3.754413797800009,2.6773471410916874
20260828,71,train,8,0.0930686652289525,18.895506048043234,13.592775684880108,11.756438385779042,11.15978035191511,8.556334500026587,5.086173573412898,3.091506911188429,1.758579526716983
20260828,72,train,8,0.06015145483118746,31.345239363511737,19.569838426462542,15.90701888797028,11.885740356381737,9.081042396467417,5.775736196619761,4.399336813617876,1.8854617497470354
20260828,73,train,8,0.04867116417860132,16.596177006058394,11.63689108616766,9.894684813265725,8.369602609621078,6.535451961770572,2.6240101024721594,1.9001856072489942,0.8077552557989961
20260828,74,train,8,0.05983390353213439,17.96784768727387,12.533343220054823,9.749126934694916,9.387475653739422,7.633871599265666,4.8519076666257765,2.5561834408663877,1.0750864652004288
20260828,75,train,8,0.048594609489732585,17.130549345109593,11.228654628265119,10.002584592213148,7.565603870755004,6.636045988062745,2.696848583724749,2.0389252965386175,0.8324523557701949
20260828,76,train,8,0.07167821365981926,17.49269250284383,12.341914059140771,10.665287220428834,10.495731299805032,6.705579143474277,3.5614648374310507,2.585527079312863,1.2538449507043585
20260828,77,train,8,0.06624716910069482,18.120878995153056,12.694958610810767,9.545945996078357,8.646819164585862,7.274425467175245,4.313112144507448,1.9851854126999822,1.2004569350451333
20260828,78,train,8,0.0691782824500965,17.60767373649917,12.178307616088555,10.698607353248,9.506886424725527,7.980382065755397,3.6484384408590755,3.1753317888616666,1.2180686270326855
20260828,79,train,8,0.05477684167067889,14.603616341584056,8.869246977848166,7.9909740259716635,6.605539043191573,5.116978999928054,2.606977134613801,1.766709056421877,0.7999399801622886
20260828,80,test,8,0.11373453367734927,21.02198228808552,16.939179656823615,14.776976146987808,12.86178039517516,9.574576993929815,5.672689089137056,4.582979719198514,2.3909253525089027
20260828,81,test,8,0.08258643877294777,19.31499656041032,14.59128988683307,12.280173249293474,11.127375870667175,8.538607387629433,4.951420806850479,3.9297430324207965,1.5951567808360239
20260828,82,test,8,0.09725310490086332,17.253617650037665,13.036701866495102,11.983819645919654,11.010100354915098,6.24656188591369,3.5408650612134576,2.7675780157429606,1.6779678872385
20260828,83,test,8,0.08564034557278052,19.361619510045557,13.893352672465705,12.910021493558824,10.453573066359919,10.207765557812936,6.109183825706926,2.9658841632326842,1.6581357856889911
20260828,84,test,8,0.1974204707866153,22.533243152234682,17.750892763522117,16.47889089325644,16.02297900587786,13.067811119242966,9.773131372384508,5.685147711165135,4.448523471463446
20260828,85,test,8,0.1210779547776342,25.018997723354815,20.88370999617721,18.818917370360353,17.677666148789466,13.432539736060786,7.971500811543513,5.698104719186109,3.029249074930087
20260828,86,test,8,0.09289673704108797,16.898891862091013,11.328791448559649,10.295208140324915,8.473022420532748,6.92307506103443,3.8837385114406286,2.439813850962658,1.5698519135984503
20260828,87,test,8,0.14605938873254998,23.574799447330182,19.058214919410172,16.906978306484234,14.894591206284868,12.919996188915784,7.642431588696496,6.149982979480057,3.443320796769503
20260828,88,test,8,0.09411763309236973,18.786260074100003,13.83584349844616,12.720289740127262,10.252702732287618,8.342376247486085,4.3660370120115495,3.4694745606623973,1.7681183328319787
20260828,89,test,8,0.051847159180074716,14.389760670085405,9.481869008158034,7.953630281861262,6.338818609668368,5.0116266257637525,2.452510144219803,1.3251845157704245,0.7460682120250965
20260828,90,test,8,0.08147280543635153,19.106005059947286,14.531655244941634,11.93282394895972,10.127005398012114,9.280988626006556,4.463328778547064,4.086867129425627,1.5566198329150331
20260828,91,test,8,0.057063360960042726,18.54744546087091,12.288478712020245,10.39115936675943,9.057551278278922,4.945381107249326,2.7008920810396817,2.229075169477242,1.0583795752203828
20260828,92,test,8,0.11197672049786646,21.895854265501153,17.92809273150707,16.002479678556227,15.931710728882784,9.747294650690684,6.124825970374151,5.29322024793659,2.4518259531500397
20260828,93,test,8,0.15723787586026985,24.861339006353333,21.051292028609275,19.711055895276548,16.49876910218869,12.048830479660987,7.841941049083978,6.5401166740042616,3.90914413640107
20260828,94,test,8,0.0952697209625729,20.29321748009442,14.760769689873047,12.833703584626923,11.959795262802846,9.368870932062139,5.163924670725438,3.8154794421070153,1.933329166761402
20260828,95,test,8,0.061083973091649,17.188979991172154,12.279745403936431,11.011147802562549,8.955753369076143,8.189526444118458,3.6089883778141316,2.171750275937328,1.049971191253653
20260828,96,test,8,0.05964075147077874,16.04044387914948,10.429926621127818,9.658499124826116,7.4848031837844555,6.349602700652643,3.272601099662091,2.0403451026395065,0.9566641268773282
20260828,97,test,8,0.09040586316435192,18.05572290963871,12.870925281018797,11.619022486692348,9.374327698854945,6.751377454098003,3.7435470798460306,2.8773969185757915,1.6323432147022514
20260828,98,test,8,0.08524457184621952,27.31005401816856,18.241363792855807,16.99663391085698,12.646930362582545,12.010005343103348,7.333828775887066,5.9859994794932385,2.3280338618759058
20260828,99,test,8,0.05364133551305991,17.400181093679752,13.357047634657343,9.019321471010475,8.081419393026769,6.135237509040311,3.4379321647814813,2.2808527949323323,0.9333689520340773
20260828,100,test,8,0.08247001538443016,18.68505397926043,13.322087172311681,11.963676172687174,9.752513907038331,8.842595387603444,4.323515387499542,2.5772450079257117,1.5409566891285158
20260828,101,test,8,0.09028662920993553,18.74106791405974,13.835484373038817,12.514421965026978,10.971957185459182,8.604394692512647,5.278766997350223,2.918974269446129,1.6920678497549317
20260828,102,test,8,0.12478067287424356,27.846569473677206,23.219745966784767,18.437454825010782,14.332077045439677,12.862616358881457,9.057769547568238,7.00694291325599,3.474713676164812
20260828,103,test,8,0.05094500339129488,16.117874071625643,10.28831675172633,7.9697433052467845,6.076013973394457,5.636723187554036,2.639050509985847,1.5924927323543339,0.8211251492394323
20260828,104,test,8,0.04552463966777856,17.583399939570395,13.16805779806136,9.523712969078671,7.940563070057599,5.259921264152313,3.271315894565673,2.4628099246227553,0.8004779463833815
20260828,105,test,8,0.03685944199522715,13.17300548481129,7.493040618236987,7.390801216466807,5.589978969362368,5.0794003518418105,2.054127779871027,1.525609103873729,0.48554963157021086
20260828,106,test,8,0.08569432343041108,20.044726518612023,16.495941060083034,13.55079062744484,10.546382104624032,8.640141294560394,5.067019467356023,4.251023369302011,1.7177192773600767
20260828,107,test,8,0.1116889477705786,19.666458296721057,14.520623095679497,12.872919598112318,10.344164850186534,9.71824213433105,4.667148556431908,4.45766816834089,2.1965260335347403
20260828,108,test,8,0.15189905957900132,21.929259578238078,17.929633292185077,16.299183265383594,15.322014885748327,11.114127540619489,7.1434630661857605,5.6518807446575074,3.3310339071981714
20260828,109,test,8,0.06970596820787951,16.658633529551913,11.113663100855613,10.872788987921904,8.95836206263494,6.62859724116795,3.630702407745352,2.220808965893394,1.1612061791976613
20260828,110,test,8,0.10605063461824352,17.474241836585424,12.457495130862053,10.713158285123475,8.853473756679184,8.079238728817144,4.254807224060648,3.3696448400476133,1.8531544362425454
20260828,111,test,8,0.06367132541047438,16.05962003005951,10.318935570619992,9.823128848190654,7.776030910359352,6.129190413805121,3.441268176965538,2.1415092598986805,1.0225372929024914
20260828,112,test,8,0.08310091960121585,16.675568612287982,11.847859024248889,9.648420418787145,8.31164219037233,5.262323348587619,3.654029356992156,2.1889544430896355,1.3857550865543022
20260828,113,test,8,0.040892760937813494,16.115941743521176,10.699771049349382,9.747222170359432,9.093442192913573,6.46497692906067,2.8009983516611054,2.2566002601885486,0.6590253530055407
20260828,114,test,8,0.0449604129916653,21.993320436222408,16.470144608883906,12.594143292821927,10.399744706150729,9.213463832969419,4.826626283343963,3.113666829121657,0.9888287698705919
20260828,115,test,8,0.09533249085566504,17.832313551362994,12.800359239540274,11.233431112870347,9.706198445850205,8.5408216175973,4.6161377248428295,3.69976296291597,1.6999988685706644
20260828,116,test,8,0.12755828963617752,23.429804082571657,18.407955950190082,15.005213341838246,13.775395243287107,10.8387869399212,7.075280056023843,5.539952201266533,2.98866573528357
20260828,117,test,8,0.12188884224512216,18.371359441082678,12.807399314128856,9.607820574014845,8.825881914793358,8.476531347891537,4.247418269885326,3.7036991762571296,2.239263732742562
20260828,118,test,8,0.12058772228889023,19.514375767868636,15.17512095915819,14.036859464700967,11.893561684324432,8.56916797488209,4.9850778365693875,3.7255040784772584,2.353194125736792
20260828,119,test,8,0.1059848322214823,20.30825990135343,15.053512003578346,13.905358052323827,11.421530411291187,10.822615141623876,5.780336656963291,4.39528285321718,2.1523675183552
20260829,0,train,8,0.10112192060249448,22.103505955701298,18.189355719093207,14.970916268128095,12.2543429419523,10.84851055453819,6.4276301199222345,5.752885068582573,2.2351489742891903
20260829,1,train,8,0.08746697715470778,21.36506192489378,16.086241032053188,13.537991478799615,11.128761392776735,7.971559339028664,5.878910141907245,3.2125505760367226,1.8687373832936012
20260829,2,train,8,0.07773855768139909,17.19382020366384,11.726097307845079,10.576765191679657,9.477921183960337,7.5240908624346465,3.8144408867168047,2.868703958877049,1.3366227836661264
20260829,3,train,8,0.07647382850677988,17.002982688873388,12.002395025070234,10.390585937227048,8.650136033289272,6.821526317201385,4.3526132930057,2.480087845251157,1.3002831822526504
20260829,4,train,8,0.16986014739774855,24.03791846590533,20.072519923469276,19.761625510265457,15.228159743521784,13.743513608109732,7.907641110121164,6.791624786274103,4.083084373753741
20260829,5,train,8,0.14468630492875675,25.50848493034446,19.659378140421634,17.779024733593147,16.204268299046603,12.418320904396776,9.172357711042343,5.77035496170661,3.690728428902415
20260829,6,train,8,0.08919171691466775,20.34736455049226,15.44329304063064,13.631108326834761,11.870982870959903,9.855074858925793,6.482475655504681,4.817538175118671,1.8148163789470513
20260829,7,train,8,0.11359017115605337,19.53572376825563,13.841215362337184,12.49402660290402,10.919743994493885,8.661454928459396,4.5523581637246755,3.5530178321301884,2.2190662064935367
20260829,8,train,8,0.05959632313545162,18.6570880687373,13.772856458920497,12.393658478315327,12.066547679631173,7.661678114933853,4.081366576935779,2.4133844258174215,1.111893849311047
20260829,9,train,8,0.11393511242645268,22.110390248218856,18.171251498623928,16.99219426958713,14.46366128046693,10.590477164778923,6.647731636505811,5.068475038518754,2.5191497987235585
20260829,10,train,8,0.05197665865910057,15.599305678979217,10.460261722933993,9.768731086288554,7.451485210482328,5.614758313842741,2.832485609538035,1.76776456841646,0.8107997865952717
20260829,11,train,8,0.05039025141769993,15.274038781386244,10.803463506191754,8.88262296303128,7.718246096122725,4.983971519626373,2.355341872334852,2.1177296140690616,0.7696626543577518
20260829,12,train,8,0.09740111492175231,24.844983882446346,17.60348376617602,17.451422577858704,13.254967932202879,11.708622743594645,5.78525458327679,3.919187248780532,2.4199291303632404
20260829,13,train,8,0.06472194092778333,18.19652642172778,13.117624583499271,11.243535827518519,7.554530916817745,6.390218919115442,3.4097679980248037,2.225005753973199,1.177714508157914
20260829,14,train,8,0.09620829374860675,18.739603145267274,15.056355844663472,12.14152725684943,10.492758874777032,8.081164581773653,4.549683412992125,3.6062828242844716,1.8029052441321889
20260829,15,train,8,0.05663708045320784,19.048664697564284,12.950039796928145,10.365596816467695,7.250501035191759,6.740273271415593,3.0758095464606434,2.073804372741297,1.0788607550021283
20260829,16,train,8,0.1275378365028353,19.427289833926967,14.98512763690727,12.721272757800401,10.948336084146518,8.086047000147191,5.141931727750074,4.243792962272382,2.4777145145325714
20260829,17,train,8,0.040014621155168226,17.936494673029262,12.811041918689728,9.989102315355426,8.448620167580522,6.502312875266122,2.441820852358924,1.5977959864074591,0.7177220391929588
20260829,18,train,8,0.08464260603113101,17.233704809720372,13.369111321738577,11.16332004997406,8.137974143490638,5.077661392031629,3.519574704787834,2.0712408195404284,1.4587056866659691
20260829,19,train,8,0.12405956092705381,20.857076160629024,15.230965789929563,12.50030814280828,11.901625021346131,9.244531204507076,5.170994143330803,4.497695124051544,2.587519710709758
20260829,20,train,8,0.036935874642823316,14.4113986902436,8.898556298411929,7.930459914951536,6.182050454745605,4.733018690639358,2.0553844912230907,1.4367822618767885,0.5322976154505857
20260829,21,train,8,0.08118245806474543,16.37721520957498,10.837927685098077,10.59233879224266,8.640347113530211,6.932654585104277,3.5896011891749655,2.744918095794442,1.329542586968632
20260829,22,train,8,0.026930034324927486,12.213438671419638,7.064620808744963,5.970856931768072,4.772668814365034,3.721689744633003,1.6238659786013696,1.0817975823142139,0.3289083226467276
20260829,23,train,8,0.08253266321606428,17.56221765147656,12.486234501520777,10.7465543823301,9.307872768308286,8.174147003903498,4.440817004843251,2.7386238193212384,1.4494565947565343
20260829,24,train,8,0.07215173540573215,18.35351378842545,12.950381006595928,11.869875747403547,9.476588227753847,8.129151742731306,3.809348187529991,3.4088867977182367,1.3242378706279296
20260829,25,train,8,0.09535741181982724,20.484421251851657,15.41885286412061,13.994309425314992,10.773293039434508,9.594371173776988,5.446590023184327,3.826233052690238,1.9533413932036394
20260829,26,train,8,0.08076592523784114,27.63923874756501,18.179915568742267,15.08760867360894,13.356269772924342,10.44563338413506,8.165978284407249,4.395383604395571,2.2323086903166773
20260829,27,train,8,0.0826432444657398,21.406768576794114,15.101321933763836,12.66725418441865,10.232780269658525,9.492602047125263,4.896790365617251,3.7101093450319174,1.7691248087135127
20260829,28,train,8,0.052137125547607445,16.413944066420417,11.811837036051944,9.642804117209897,9.301072522174488,5.385216085533653,2.613629485515184,1.631149575273288,0.8557758625223675
20260829,29,train,8,0.02545039556960227,13.55176565847247,8.694087902935339,7.348789658771351,5.967782112291096,4.161726725431161,1.8898546636555198,1.126436847440071,0.34489779667467596
20260829,30,train,8,0.0813428563575867,15.881494593809219,10.417943497505181,10.044645865633708,7.627046012049724,6.305127334534166,3.107924735428472,2.7943253058192217,1.2918461334880131
20260829,31,train,8,0.04865141752127272,27.330914881029344,16.41877066531357,13.089752234740814,9.61075249453432,7.803625862145269,4.744682236586334,3.8643351018325505,1.3296877511153244
20260829,32,train,8,0.07107265601684497,20.240091435380513,13.213523173556231,10.612580419635247,9.532158648187629,7.685104995189341,4.1837914447012,2.7148765371370662,1.4385170563362892
20260829,33,train,8,0.11047743710408676,19.661265922380963,14.693109451328286,13.684871878240854,10.78755828779475,9.24759324256819,4.696733223717058,4.460033504115225,2.1721262693265673
20260829,34,train,8,0.04687952273428154,15.552494042388503,10.632048423603173,9.69185881781067,6.9298061540020575,4.891000345679524,2.209391659474925,2.063598648492933,0.72909349803493
20260829,35,train,8,0.08362089832077041,20.70300951876068,15.578833368072777,14.583579963057218,12.76657804933457,9.45762545411103,5.339449321506909,3.6506006052436324,1.7312042539022288
20260829,36,train,8,0.040706131644641166,18.339678501356513,14.611041950492153,10.527504485464446,9.054923768540736,5.859175257226136,3.41577885882534,2.8895187801892797,0.7465373673966136
20260829,37,train,8,0.09802269184671669,21.859744374308736,17.174088096821794,14.498961850264346,12.96068912389028,10.73290143144962,6.662688487834759,4.0087968543613295,2.142750986650864
20260829,38,train,8,0.08293925838764568,15.99215570875486,10.720228919895575,9.518868052577329,8.046629331999693,6.3209760191774,3.2046938994487184,2.3163606699201744,1.3263775345038822
20260829,39,train,8,0.12753862328322102,19.01497792291003,13.572284474759057,13.292860845018827,11.428840232662925,9.175356042558885,4.869866843322607,4.518876026454689,2.425144106048787
20260829,40,train,8,0.1587165821614423,27.899077548083916,22.519402238971544,17.98961133027507,16.391673344136265,13.671338583706298,10.103422549703444,5.7042992341998335,4.428046233888911
20260829,41,train,8,0.06015874181190307,16.562723843255412,10.33540194162011,9.557919935110869,7.485034010250833,6.3612680134624275,3.1800040820380917,2.0523654975591525,0.9963926273882532
20260829,42,train,8,0.18025412245016495,22.662618766009498,19.243445415899227,16.85859562854424,14.056848229414129,13.789670906048624,7.6372804256758755,6.712103835048377,4.085030458089682
20260829,43,train,8,0.1170178710188578,20.89959035768951,16.20144707197375,15.576942119063112,12.771280252514735,10.773581743619461,6.075221930441985,4.2116463490358225,2.4456255688230755
20260829,44,train,8,0.061666431867631086,16.99545857126585,12.170872448603834,10.071677545276163,9.092752091601021,7.488584676488304,3.26678179542824,2.2357879308318194,1.0480492880441123
20260829,45,train,8,0.05750692024258285,22.588035122693853,14.214827954749797,11.293573032165284,10.149448479616419,7.303403744331727,3.4865652164149057,2.857002289356516,1.2989683342374156
20260829,46,train,8,0.07314003385932498,18.964803124725,14.343441009458566,12.250020259251498,9.85917615463797,8.403494751172705,4.980083205432735,2.6319090515843477,1.3870863426778188
20260829,47,train,8,0.08611137789960494,21.626393647925507,16.32493637797027,13.946578909808034,12.332343061205153,8.652857890098375,4.5432105396775135,3.1083424525963657,1.862278556022129
20260829,48,train,8,0.07797590490967338,17.732065119405128,12.184416587371832,11.814723436699179,9.459501488895024,8.224525694059084,3.9760409212477366,3.58455798977229,1.3826738236028704
20260829,49,train,8,0.06918684293160123,17.798261115731194,11.939695931889961,11.253048520606905,9.906308552978244,6.3431043014319695,3.24347757636569,2.5452809760965702,1.2314054962697196
20260829,50,train,8,0.10394634278169453,18.86254234172832,13.30457467637881,12.385681427642268,9.645089876454463,8.622890248473071,4.274370244937864,3.752127551469131,1.9606922919875192
20260829,51,train,8,0.10569103126520958,20.931170055204234,15.507102233351075,15.009256055548798,13.403030776117234,9.409397849005206,5.359604313233714,4.982512621604276,2.2122369487220093
20260829,52,train,8,0.12209679177433065,23.17822060531218,18.45225057637699,16.985960415118246,16.19107108351604,11.627226557651454,6.940895875268061,6.455282858201916,2.8299863749463015
20260829,53,train,8,0.06924324120617396,18.09862691179141,12.292390326323412,8.399595265630303,7.741911621956459,6.249527308705008,3.4292222336323195,2.1560812349425253,1.253207588753724
20260829,54,train,8,0.15678809236648075,22.845564813350126,19.194832160346284,15.45795457300975,13.55921011264636,13.1204085255675,7.435726636254142,6.428856046631413,3.5819125261199622
20260829,55,train,8,0.14634382843004054,21.413974085439055,16.810468668590982,13.95627848896566,13.341085602036108,10.347582589998787,7.3656000575618545,4.300111591431242,3.1338029495648274
20260829,56,train,8,0.07311910502265666,17.100338501837953,11.703231796576745,10.230250443632821,8.617214931232567,7.654541243623497,3.615744020270099,3.323618281910399,1.2503614468388684
20260829,57,train,8,0.08985342949635243,17.371375976506933,12.431740306582874,11.345857012674305,9.637630031405676,6.834649603749999,3.5450785609384026,2.9883672355137603,1.560877706559696
20260829,58,train,8,0.10790213048719158,21.590142320120297,17.207104026689542,14.607074470048882,13.812111904374229,10.332327507519375,6.687272176048613,4.941032637550684,2.3296223538626575
20260829,59,train,8,0.09227127041552671,21.172579951069732,16.08827435414838,13.380777372701735,12.457385524165991,9.410948823638408,5.685350069897582,4.200233874503004,1.9536208500595145
20260829,60,train,8,0.06563772008031407,15.623840893768225,10.410976014874102,8.76240481103051,7.615807665422387,6.249107905533737,2.630694196215602,2.3411751166646604,1.0255132951645227
20260829,61,train,8,0.06979586568668841,15.488996639893745,9.992928428573089,9.20986985759087,7.773218034122897,6.183379731757853,3.010906754534907,2.163706751109567,1.081067929099592
20260829,62,train,8,0.08127301844356483,17.575302255491,12.201560798704104,11.365899026844872,9.523640914964481,8.576044346074262,4.693705844293918,2.9148096899123144,1.4283978643617465
20260829,63,train,8,0.10831703288850097,29.942843853228187,21.8406987879749,18.11123039044662,15.098189627261963,12.309542044065653,9.089118219798925,5.037013564761091,3.2433200024253668
20260829,64,train,8,0.1398356832821017,28.83563187580262,22.621522968987197,19.600989954248952,16.507181409679085,14.524717111974546,10.711198516928405,7.092496383194855,4.032250286224011
20260829,65,train,8,0.08639072753860305,21.27479131320958,16.03332183261144,14.680032554081944,12.451891545304054,10.923667016464407,6.79763888635837,3.734471334262137,1.8379446997801279
20260829,66,train,8,0.041303806432901866,16.19625434060428,10.433362733480914,9.053308000493038,8.675130622575105,5.180591038372587,2.5969358551922355,2.5452839454676637,0.6689669542223659
20260829,67,train,8,0.10613930453156792,20.39745374054148,15.992554674484996,14.429443692151134,11.324642570547862,9.602281238310578,5.970485361948624,4.246713163797307,2.164971554235901
20260829,68,train,8,0.10683707695813081,18.318162217452887,12.238306121335606,11.894373767634248,10.943843428790585,9.092975305235043,4.791857047254436,4.092662563154116,1.9570589065575383
20260829,69,train,8,0.08231649762023202,15.111521200143821,9.60514243593997,8.521490926134284,7.162473543881357,6.2367743564609315,3.21753531414854,2.0966801400749633,1.2439274989097246
20260829,70,train,8,0.03692597708998883,13.355320929271668,7.700921614419649,6.863773466110964,5.462300360153962,4.52971047236153,1.56697415136406,1.2811903595912228,0.4931582746637339
20260829,71,train,8,0.06447288424562485,17.991569518725676,12.41670449629664,10.16118028881468,8.82417691290611,7.816804150593502,3.7251682497438883,2.497734980130397,1.159968378977913
20260829,72,train,8,0.12188121223946828,20.07734644803851,16.256210066125774,13.822358536071874,11.361099636930907,8.51299260870811,5.287321750092869,4.052476050424934,2.4470513236387164
20260829,73,train,8,0.14613466384592408,27.95395686295048,23.866433037389772,19.610735985922933,17.432780968573788,15.135085195551333,10.742380750629057,9.570775340072506,4.085042089330731
20260829,74,train,8,0.11371828395579422,24.507063470488497,18.684497699796758,16.98891535933578,15.718118650329451,13.942722172118188,8.023546434695527,5.1910214106566865,2.7869012026596827
20260829,75,train,8,0.14426289861458788,20.673695973585755,16.58013503120805,14.453726232051347,13.45143574850377,10.017578875006809,6.7099635962983575,5.646613710830366,2.9824473062262156
20260829,76,train,8,0.07207746428465162,18.518198642112196,12.835725953179836,10.24656779484157,8.491999154333374,7.974548167714031,4.242262441711001,2.237232089379061,1.334744801242926
20260829,77,train,8,0.08674315726778867,20.07271942183953,14.345702445469044,13.872836870553092,11.695938494749033,9.915240271700696,5.45369590879647,3.2061348914114003,1.7411710576008224
20260829,78,train,8,0.05323726169538184,19.707846821115588,13.233449035392109,11.26119747328081,9.022884951086906,8.715919286657831,4.245997457655685,2.711153659030516,1.0491917986682298
20260829,79,train,8,0.10990703050731275,20.397268110077217,16.04174772780874,12.490780099317426,10.815594282329712,8.567543780350011,4.776060150714962,4.207314600831327,2.2418031684400943
20260829,80,test,8,0.10420640077343696,20.635817840038367,16.106026556712827,13.593741941413484,12.234961555837485,10.198481930851125,6.3617902665321795,3.752741901455596,2.1503843041266784
20260829,81,test,8,0.10284201726065605,21.25072352550354,17.378078711697334,15.547596708558105,13.028875391489278,10.035577942794099,6.551517319260249,4.609417257993355,2.1854672756112645
20260829,82,test,8,0.06963700794998313,17.184881757730206,12.05336937650197,10.4503188537683,9.419911532870307,6.83970598305801,3.6637190082836115,2.8032505148426523,1.1967037475825786
20260829,83,test,8,0.03672492928811428,13.926852020906587,8.617454930102541,7.928718827444813,6.347963082368458,3.961833850946149,1.7922524051358353,1.426680109531467,0.5114626556738259
20260829,84,test,8,0.06305098945019892,19.673309481806847,13.825488571569952,12.328594547757074,10.018329138040883,8.392496049219261,5.177441366545339,3.4213822052965477,1.240421628587902
20260829,85,test,8,0.09298209820142125,17.13960252745074,11.791553991233146,9.539130091912753,8.30801651627773,7.742893828145177,3.6691224267764455,2.6271515851345724,1.5936762053407527
20260829,86,test,8,0.08832910892109733,19.171391963041845,13.51129107513212,12.613355602124779,9.777095083572075,9.494392266470781,5.027150820765084,3.6559317058136185,1.693391968872573
20260829,87,test,8,0.12168478194988491,22.352785433333338,19.405841737959697,15.296167720955896,12.806687781666097,11.64770203665028,7.795562068563847,4.321898473122656,2.719993821427731
20260829,88,test,8,0.1580387420929002,19.739867330197843,15.635554956753301,14.225682483836831,12.657728089565863,9.36309292658062,6.314787456068432,4.301334614806779,3.119663801945203
20260829,89,test,8,0.08063045749176107,17.852100591882472,12.800266301080642,10.771777018884897,9.139479744961653,8.474988285430149,4.203584979441721,2.8619325100615463,1.4394230379124222
20260829,90,test,8,0.03902754947937004,15.097435834929302,9.475571737095922,8.334695145316166,6.400479040761021,5.70927812969373,2.2395003957067416,1.8102430383939088,0.5892159240593177
20260829,91,test,8,0.11516708326278587,20.1769308256725,15.261187688615436,13.348381326818258,11.361473181508895,8.95717536089951,5.821942749609512,3.9888949628613855,2.3237182723876955
20260829,92,test,8,0.06125241363223561,17.32607135518561,11.785146421944898,9.485902578105815,8.595993095902871,6.4481280960187455,3.093240468682656,2.309181083630817,1.061263689269458
20260829,93,test,8,0.1658935477686429,22.09305779196638,19.923747531866958,16.3784767186601,15.371347120046094,10.98386100803127,7.7248120748295985,6.149090334357026,3.665095738166963
20260829,94,test,8,0.04356847458996924,28.191384003596234,26.740457684825365,15.699347021637214,10.562823763873041,9.299251860759066,6.5064611489929,4.163464449284759,1.228255597616748
20260829,95,test,8,0.07024565893125226,20.062614959973168,14.988441004184567,13.295738452246038,11.927758935328153,9.230530237317165,4.224917861953351,3.3380428451178497,1.4093116077473142
20260829,96,test,8,0.10199254441734112,23.687427542934707,20.175652448340724,15.344427687470963,12.186717882248214,11.242920710691985,6.513385519298989,5.177827325655062,2.4159410058053177
20260829,97,test,8,0.10258431228411086,19.35689984570026,14.09494769532136,11.207697493826842,10.749760719198372,8.656228203185522,5.402573241268583,3.469973739689218,1.9857142586235725
20260829,98,test,8,0.08389455699335924,21.44918148378007,16.11091747222728,13.11237165676294,12.664174305267894,9.263681748962014,5.590412702096134,3.551365549996932,1.7994695784518928
20260829,99,test,8,0.135179287437711,19.989486552653066,16.083284039235092,13.742054179439167,12.79866801102336,9.408777465523398,4.9512344503787284,4.615515789196949,2.7021645484333474
20260829,100,test,8,0.1549040674646362,22.202789705225136,18.378625981027966,16.006623030615362,14.139065341677968,12.395479587878718,8.435656158399937,5.179908876044326,3.4393024344013243
20260829,101,test,8,0.11371250382653506,26.830374156805767,20.896761767188128,15.55529145335263,14.038274801825134,10.516172873502766,6.429764694725726,5.7631681644298025,3.050949023973143
20260829,102,test,8,0.06327710367332073,19.88996508879736,11.824793221060485,11.273887233746823,8.107426229121925,6.901242591236722,3.0206863183752897,2.5547294485879863,1.2585793829825607
20260829,103,test,8,0.09973431516323455,18.178118529137446,13.290855362165429,11.230250948620887,9.03047013544418,8.60808469180239,4.585261121278552,3.5936510214684008,1.8129822024596278
20260829,104,test,8,0.15844460665088841,22.563747958861352,18.520793273161036,16.9548687820758,13.764567819742545,11.482213937888275,7.963528464085226,5.195323821922152,3.5751041699115733
20260829,105,test,8,0.09087890685192923,27.106762840628562,18.75527987424495,13.692337961048397,12.488414351631786,10.6671210989309,6.12752013082933,4.303745458321578,2.4634329752508197
20260829,106,test,8,0.11158810694461065,22.5836010259622,16.436057899036246,13.724595225421929,11.481046651414392,10.072916370710331,6.563527402540171,4.066754072687466,2.5200612864794887
20260829,107,test,8,0.06152221056064244,17.14510647944329,12.282081282259476,9.67520571669472,8.251321321945694,6.888990392686159,3.653487021990416,2.4283571390407626,1.054804850912945
20260829,108,test,8,0.054318970163812964,19.499086163229382,13.299031241504961,11.864033203619622,10.556492723635424,6.742452172490089,3.7207189916863967,2.8393330276233515,1.059170279522075
20260829,109,test,8,0.06474390386381712,18.029799107769946,11.934558788219636,9.788639973319645,9.347962022837839,6.791853559255801,3.709820901142168,2.3160472298051413,1.1673195801173932
20260829,110,test,8,0.060425040129996554,15.805978116319714,10.384254676951215,9.584878972109218,7.4932873787849275,6.739970506821501,3.131258144296345,2.169381292227446,0.9550768619724661
20260829,111,test,8,0.11185083065095618,19.634145811313648,14.499161607294008,13.024971137819183,10.16976127777519,8.569620307475034,5.123567217040138,4.062596195571032,2.1960955181174233
20260829,112,test,8,0.07812696121942372,18.362478577196992,14.394491242607081,11.63087849651441,8.635405133460253,8.525652079297103,4.981550925265155,2.8208582799031183,1.4346046516931683
20260829,113,test,8,0.08663941075968903,19.773981496252397,14.179445561893534,11.08783043260645,9.390707930527153,7.998203796043482,4.020768066105621,3.3370056656637344,1.7132061052083016
20260829,114,test,8,0.08531181836843602,17.781692260110052,12.486952528598792,10.911489189943017,9.254240813780555,7.5268490236810175,4.022925237030848,3.3019551110619174,1.5169885003779333
20260829,115,test,8,0.12138661240319994,35.035283434269836,25.471410676932628,18.88330023902042,16.377316309087576,12.667907431639188,8.927926876129874,6.050571811041838,4.252814370671964
20260829,116,test,8,0.0418077160192733,15.088205585938173,9.597399116072777,8.481119574206701,7.3742331250873345,6.379819490377233,3.07001016223995,1.3926399117196293,0.6308034143773162
20260829,117,test,8,0.06662466116790296,17.138430867664415,11.886344720450758,9.689234816846872,8.3788869211436,6.9376056491702105,3.16483209793219,2.7558414089359378,1.1418421495076707
20260829,118,test,8,0.16057538801585952,24.069320984616365,20.258239959992334,16.02607639694296,14.653527226495829,13.305734892460416,8.629393625064909,5.896352165310701,3.864940556383043
20260829,119,test,8,0.10093289771762805,23.16506288793826,17.190926024042476,16.7575782492909,15.944385353276797,13.408445958609072,6.665409967497161,6.293538221462621,2.3381169230906935
20260830,0,train,8,0.08656360249340919,19.072725920942073,14.438747698974122,11.395643079349425,8.632150898182188,8.005139449664055,4.657332757215087,2.729505682318985,1.6510038650861714
20260830,1,train,8,0.10269937862660239,19.786932210796266,15.007733190864295,13.949023470436387,11.962087107996815,10.381085935034974,6.455057804934053,4.236844618778503,2.0321056429754805
20260830,2,train,8,0.09240126207634757,18.39907793421546,13.193885811345524,11.858838633745478,10.395760047560056,8.298664404791403,3.988290423783395,3.7637193100994515,1.700098022162586
20260830,3,train,8,0.08213693059260635,19.17130221431631,14.37051132816698,11.299994843362997,10.556244127613532,8.567973331575441,4.439770385867926,3.7859862272506533,1.5746719193471792
20260830,4,train,8,0.1198606298079454,22.484258123678813,16.505585509584556,14.758180243401593,11.373534948735799,9.64195871285004,6.335198078096182,4.107368414668466,2.694977339468555
20260830,5,train,8,0.08144067323355675,16.870488353605435,11.446909615457052,10.58517926764542,8.156124249158196,7.005683793370065,4.038614425535767,2.7042807215370974,1.373943929296505
20260830,6,train,8,0.17516957308165765,22.785377125008026,17.97988353289335,16.63884068228346,14.987353904908657,14.172151413083276,8.13891576893158,7.281137848531307,3.991304783492224
20260830,7,train,8,0.08131900169581595,15.334334356153937,10.05905096756963,9.072289831122282,7.980891408986399,4.894224561867966,3.36703278464522,1.7930001079512847,1.2469727615122908
20260830,8,train,8,0.04861635393898075,17.106586019594957,12.284453958923697,10.17307249656151,8.445926859582318,7.651206572265578,4.511659349195151,2.1172485919722197,0.8316598406162483
20260830,9,train,8,0.054147491481450975,15.02212888033362,9.284391703139072,8.487042734760228,6.378754899837722,4.594511920638999,2.1977069788019397,1.6454084301681295,0.8134105955811234
20260830,10,train,8,0.10422498242599222,20.081213758720544,14.789385663676073,12.706488729602409,11.433248527071685,10.517251096509495,5.300210070054787,4.147092063419146,2.092964151095242
20260830,11,train,8,0.1279910819831857,19.585683099942145,14.647152815019702,12.800925221671408,11.760692800455988,9.404716819427083,5.824894684152861,4.087694268928662,2.50679277134139
20260830,12,train,8,0.09479327635274981,19.10782018864987,14.128832157206077,13.123823234617333,10.802128147258692,9.253425316168602,4.888364110029308,3.5147144361731555,1.8112928796413392
20260830,13,train,8,0.08713267701323524,17.37071440656835,11.357391719047223,11.112862612958994,9.02149461245036,8.169865345911525,4.030110765504295,3.181554650690581,1.5135568478766723
20260830,14,train,8,0.12362808584779411,21.402077318249997,16.71798512343325,15.70084549820318,11.22547127778487,10.106669819635112,5.711332663850662,4.823618014248349,2.6458978520217378
20260830,15,train,8,0.08312951439579426,23.083349071768126,20.168859373992092,14.18956879182105,10.66825114157479,10.460770803455109,6.1865279815884,4.433917829479549,1.9189075989646924
20260830,16,train,8,0.04708501602723708,16.826571864198883,11.374497365232715,9.740171114365243,8.384714003538738,7.229087192526497,3.305964374889329,2.234156507146395,0.7922794059092609
20260830,17,train,8,0.11697196031726403,23.228224346966712,18.07347817704492,15.47443694860361,14.402659731639654,12.03270702462874,8.070901274068243,5.4299277712483685,2.7170509365538966
20260830,18,train,8,0.11601234842395243,17.134166263303864,11.963820038618728,10.780573046594775,10.090324182301929,7.309522563554994,4.213512368972221,3.9308111581294134,1.987774866492339
20260830,19,train,8,0.09908401631771187,18.23314869039948,13.749486042518079,11.714946737976698,10.614706555685329,8.821028088289042,5.169442512293968,2.9721303210955674,1.806613602362809
20260830,20,train,8,0.12261673682369381,21.925666652898283,16.427605043883155,15.859741893011245,13.118069736097706,11.524041109501123,6.74070928059591,4.569846526934564,2.6884536976624682
20260830,21,train,8,0.08677299246218864,16.622123753719002,11.925839413168404,11.542349387774387,9.44889342800191,6.257565775389976,3.7124676867755717,2.6163248422104854,1.4423514191870257
20260830,22,train,8,0.07329770362571443,17.2379046502956,12.296655416183215,10.827636563773959,8.409411829610274,6.7098861653968696,3.377389867312793,2.572107561169932,1.2634988261856914
20260830,23,train,8,0.10810739945311675,19.73645626383013,14.90205043873022,13.092999945413151,10.572152567125164,9.626104105285416,4.694990451052235,4.4355971466399735,2.133656961102852
20260830,24,train,8,0.07672578421569626,16.998304286870688,11.232834526138918,11.007336626657443,8.443598922399204,7.0475565512791345,3.65215010467131,2.7907180029596037,1.304208226747185
20260830,25,train,8,0.09647717420653348,21.83332565039095,16.310409017514655,13.411028690031802,10.27348485861738,9.298476932262025,4.878324698363759,3.9479249728009362,2.1064175622807437
20260830,26,train,8,0.14418553884305493,23.259165951564448,18.674937261584304,16.08606416120951,13.670945397667872,13.118438712776559,8.220624767068841,5.0499834106799,3.3536353757663564
20260830,27,train,8,0.04612722579907355,16.71762115301058,10.547685932120205,8.785305110382494,7.453046973469641,4.332512652720503,2.480201861319692,2.2099164788235846,0.7711374857482873
20260830,28,train,8,0.10645711189202561,19.485363506517036,14.205202678302866,13.605923456389407,12.673379323502594,9.451515416709677,5.701304406942485,3.9726273831153636,2.0743555230700768
20260830,29,train,8,0.08304117256934784,20.38738408996501,15.658126235233766,13.519631069611767,10.979224234499458,9.10018653055128,4.636536987425296,3.7766465577651593,1.6929922804523612
20260830,30,train,8,0.09128637009338529,19.048720049852054,14.735379882472902,13.642787402240899,10.28037682646978,8.790118704483127,4.869539814527798,3.7730790071282514,1.7388885082760834
20260830,31,train,8,0.09658583585005134,18.72256481786926,13.97234561363465,12.166931628043473,11.692470947593872,7.73106173533753,4.134426241031804,3.981805957152017,1.8083345721906667
20260830,32,train,8,0.05211766445234571,18.378738703102538,12.792400876369912,10.341701233356765,7.910207134065667,6.435188111009887,3.2632226309504535,2.799642881874189,0.9578569367856374
20260830,33,train,8,0.0957378206099307,17.177446077695674,12.59126553682575,11.342709908593276,9.900090190896425,7.060161716517188,3.789222866078539,3.3462824189864486,1.6445312511231862
20260830,34,train,8,0.04601103139913125,15.535381594388747,10.126223912552206,8.295266932086484,6.803318387394294,5.405336446630473,2.654160160012845,2.001231460699983,0.7147989303369063
20260830,35,train,8,0.06973183566221003,18.628538893417456,13.75233788576149,9.980203467907177,8.198807000027324,6.875502423354742,3.5059489003168554,2.672014738412408,1.299002212742874
20260830,36,train,8,0.09591132252729145,26.08065829243494,21.747193669895836,19.554527638986663,18.516412504272488,13.953110255688703,9.94494049289323,7.337007210771359,2.501430429209806
20260830,37,train,8,0.0782450851132115,19.92870593926572,15.056999773815729,12.069169293709207,10.298598075895802,9.740858717404736,6.0004952597520065,3.291098385744571,1.5593232924140097
20260830,38,train,8,0.06126008104956003,12.564170423576826,8.024948389246767,7.140531332466929,6.104135272983926,3.7916663797748047,2.4276546214949803,1.1830471074831141,0.7696820984688013
20260830,39,train,8,0.06591601724734397,16.29547134978771,11.523918582465168,8.780793379669342,7.802547807812333,5.881023024403134,3.0938875914943615,2.172634493230005,1.0741325705462064
20260830,40,train,8,0.02740981828388484,23.207160621585423,16.58421567194382,9.915825307905413,8.59021098680252,7.0821987516347535,4.871904726738824,1.8061853528747756,0.6361040555225844
20260830,41,train,8,0.051050145880338085,17.2493613023793,11.740239986520063,11.07037538096173,9.232946338662058,7.926829843586863,4.149500301677412,3.1271006313557597,0.8805824108291217
20260830,42,train,8,0.06480065231117835,17.126848472112265,11.525332844931814,10.797140902853098,9.321069855330041,6.927219689822991,3.5444270978334385,3.09877503067307,1.109830953027583
20260830,43,train,8,0.0742193570972216,22.467926226306233,16.890881345913357,15.125152062507468,11.038315187468019,9.605648192863272,6.7975616449464935,3.3867926960119363,1.667555039824253
20260830,44,train,8,0.078672351302657,16.412058111120277,11.343422271820682,10.087357155264549,8.00272999792763,6.996656901467747,3.846410453595231,2.748017680513074,1.2911752013176758
20260830,45,train,8,0.11897920295899796,19.62155373644601,14.539433067321445,13.044209650134546,11.138660650810746,9.791189379935897,5.135437504400099,4.5633261006411665,2.3345568243794945
20260830,46,train,8,0.1426199375216528,23.016731432853945,17.8900563043923,16.537755438510562,15.067704326299197,13.144187077321545,7.292186508161157,5.246722586170148,3.2826447989062917
20260830,47,train,8,0.07784254754047282,26.395759176530497,21.133119441754527,19.04757829850161,15.81549628251924,14.116714477602319,8.074808574082144,5.495399635018302,2.0547131385659467
20260830,48,train,8,0.06261940679103356,18.57483301613575,14.705255187586292,10.199342425383815,9.676785409934157,6.524184342570035,3.7675765193732524,2.3406399604559067,1.1631450247129254
20260830,49,train,8,0.07145201638555661,18.563155434059645,13.604933303070556,11.874950424333395,9.129749837888987,8.2119452919732,4.2029801627495935,3.6127776399014264,1.326374886242064
20260830,50,train,8,0.10149089061315657,24.18710463298923,19.903159520660136,19.209765456132192,15.491412606983538,11.475740377667451,7.951864274980422,4.140466194439842,2.454770790555682
20260830,51,train,8,0.09261689521453334,21.45147131809523,15.99543872632981,14.592243489187512,11.806724186660364,10.909693595357707,5.786065870849592,4.532419888296423,1.9867686712655934
20260830,52,train,8,0.09116042306732539,20.748668357463817,16.70006826943147,13.731610696216988,9.549620821759408,8.571413144072848,4.971961552187162,3.1920579925547456,1.891457385550029
20260830,53,train,8,0.07027763475377831,19.229641575536505,15.032097654632706,12.739278394663593,10.01810168406451,8.516758853497478,4.5533891995979765,3.7551306561307607,1.3514137270916244
20260830,54,train,8,0.0794845058703928,17.76867073251159,12.188675003138258,11.551994257311762,10.120946541247175,8.638725715059513,4.164566583605603,3.1007856889602117,1.4123340131473943
20260830,55,train,8,0.07329648885971236,18.37304600544596,12.82758358273727,11.355806744298741,9.684188484721279,8.094730736210426,4.397809391964982,2.603314521706243,1.3466797618571527
20260830,56,train,8,0.07039534855185693,17.105454443278123,10.957253551429316,10.679293698105266,8.711435241307958,8.11215828134127,3.890677549172626,2.8457792361104826,1.2041444276724733
20260830,57,train,8,0.1618676037849563,26.94466022394724,23.30321800932362,21.690734236227033,19.915824948466753,13.592270908991395,10.307696854239657,6.966454004841892,4.361467585250163
20260830,58,train,8,0.09718782527212415,19.63682700972345,14.969697979278605,12.69667089408406,10.230872992087255,9.021340055765076,5.435422655337883,4.256828029826921,1.9084605123199307
20260830,59,train,8,0.05455249032848482,16.481796565653386,11.787317670540379,8.462361643589695,7.482754709864096,6.626983734376172,3.160891231474978,2.111238089755115,0.8991230477438606
20260830,60,train,8,0.08972239961749179,18.47225353915028,12.886929125717685,10.690064204237636,9.86437057506499,6.612818418575929,3.6189938352880344,3.1513068780318143,1.6573749138752685
20260830,61,train,8,0.11547560801753408,16.484487199411422,11.057040214788739,10.208909595475909,8.78314136629571,8.179178474582443,4.092054204005561,3.6518430748460515,1.9035561822092915
20260830,62,train,8,0.062160467977591026,16.39108662707408,11.561523508295165,10.303487488530067,9.035404947357662,6.00962739435239,3.008527221576585,2.5343497833842528,1.0188776154001589
20260830,63,train,8,0.08336852768734589,17.121069315709107,12.704695797139163,10.985756497857649,10.01800378551249,6.983257888954665,4.081936151345896,3.28066719914342,1.4273583412836628
20260830,64,train,8,0.06160588775533067,18.93688116740997,14.535654688748085,11.956262570913948,9.028808533124128,7.615356262348264,4.622179045906005,2.9999147741228325,1.166623375635494
20260830,65,train,8,0.11339141022004837,19.4103822137787,14.599494188072413,12.794058744479107,12.37670999152019,8.720801574512688,4.613434455745468,3.7874784136213697,2.200970612130511
20260830,66,train,8,0.08402983572802845,15.529370701353805,9.948523349977354,9.62742453203816,7.75480735225136,6.3881450513159255,3.320770490303519,2.729496498747587,1.3049304689944183
20260830,67,train,8,0.0751579440804963,16.99001493505759,11.559466604393437,9.988570136553244,9.112768680495892,7.2036430606299,3.379964848728311,2.6281172964822797,1.2769345924158553
20260830,68,train,8,0.11801797391285695,22.284318973781303,17.405709352819976,15.434043178590793,14.248587621433138,10.536353608941054,6.130474664543754,5.02432566373976,2.629950175313505
20260830,69,train,8,0.08089535535916674,21.457558962493174,15.700168462466577,11.533889983118826,10.582119069039601,8.680090213420158,4.393860154078616,3.349501538323131,1.7358168574111585
20260830,70,train,8,0.08586329886715612,20.945572156119994,15.24042028235651,12.31905973753825,10.795839444808122,9.836670953736181,5.0219875141543575,2.942088470691126,1.7984559219845144
20260830,71,train,8,0.09248401651243812,20.99202038137358,16.50645312147826,13.495234729593149,10.273831528105296,8.889695258622497,4.742479753569995,3.6416631085940865,1.941426359580392
20260830,72,train,8,0.07323940481742709,18.688453753772787,13.933226928853916,12.179325554082162,9.637738136111441,8.726082881082123,4.447849440724302,2.691479446521769,1.3687312298843302
20260830,73,train,8,0.07300410302325737,21.03694798111087,16.384633598398008,12.427245997962537,9.590115772192773,7.257587828134057,3.9970093786850787,3.69203529294128,1.535783517707924
20260830,74,train,8,0.05066830195730425,18.340323332664717,12.630664984362953,9.839216141413472,9.407970480376939,6.638583871650356,3.6615782694615877,2.24213909490642,0.9292730406140485
20260830,75,train,8,0.07999593044587583,16.47761001251801,11.642006206399866,9.795470732189457,8.059792851994395,6.236761864560639,2.793439077709173,1.9000856405632236,1.3181417444756578
20260830,76,train,8,0.11216670754997603,18.110119066704964,12.528161770608522,10.85458080833214,10.088479230527216,8.44426628887877,4.0499069003838235,3.6927390052527738,2.0313524290503406
20260830,77,train,8,0.08649625800392416,18.883752796293724,13.306790050077142,11.473134933859598,9.571759427778543,8.922564610043134,5.178370906309372,3.141009396068185,1.6333739539505463
20260830,78,train,8,0.09473071416095911,19.312351469140637,14.236952658707752,12.523446686650813,10.582536640792396,8.627082617592263,4.671651677421857,3.9294003025704094,1.8294728467991406
20260830,79,train,8,0.12088163004689714,19.498664702073455,14.32829570967569,12.288703168093472,11.507829558807142,10.47968529973162,6.430402228838358,3.6184624072624714,2.357030372924535
20260830,80,test,8,0.1111437217564022,20.99015977960673,15.964219096019338,14.765533847561516,11.936062115385747,9.54395364256577,5.392235664017681,4.805222394620988,2.332924478167035
20260830,81,test,8,0.10734888968687949,20.20749639229587,14.960319554577413,13.917176186482825,11.596889653207855,9.551578165303564,4.986092178159829,4.045688207271574,2.1692523010645846
20260830,82,test,8,0.039750392656258744,14.015996067865713,9.100051984460023,8.262129143646046,5.5239519341486885,4.045794225396096,2.0143581224244165,1.5678043351477136,0.5571413471662406
20260830,83,test,8,0.06759274735039336,24.434890421653513,18.626358796815488,13.139004056897033,10.932741544805758,7.690610875637526,4.707509435092085,3.654589044785993,1.6516213748053725
20260830,84,test,8,0.07144807439479145,16.735773212399288,11.18495918991109,10.072362612670545,8.069885789939015,6.12276123715962,3.057687270604476,2.652125603606386,1.1957387695338622
20260830,85,test,8,0.10717736024539043,23.512404328546367,18.68378704177081,18.29455553075879,13.84264129152036,11.615404200290143,6.4473325254712694,5.497853565064073,2.5199974289558913
20260830,86,test,8,0.10686514850731094,22.161498609399356,16.552743004402586,13.849740192185088,12.662026650635362,10.25601902492003,7.667534940315832,3.497748554848859,2.368291840038027
20260830,87,test,8,0.0902061659775654,18.232971753458592,12.766058035045766,12.137654958278633,10.00078260741082,8.051703675834213,4.506959344010725,2.953249903371536,1.6447264762567473
20260830,88,test,8,0.062984895480133,16.144188600495475,11.451865142698386,9.682855959058104,9.11392483160212,6.3092798815565,2.9553391439249843,2.5428304792716587,1.0168400316137622
20260830,89,test,8,0.038740775582006344,14.065490943663214,8.852809568145103,8.250194263987913,6.2359338740876,4.857248541532103,2.6276563258541077,1.8124758799531264,0.5449080280991992
20260830,90,test,8,0.05773713705964454,20.38816488299037,14.77272403271404,12.944129080280032,9.609190281057096,7.856978523360708,4.548955936884051,2.1886634984187996,1.1771542702438467
20260830,91,test,8,0.09270332101753247,22.15268744331989,15.656219354343579,14.669079608202827,11.538746151661272,10.262151654516938,5.832921924565119,4.241382526442056,2.0536276954591446
20260830,92,test,8,0.10392962550044409,19.5006656670354,13.333117195484945,12.611568756274199,10.17209484515559,9.150281840167098,6.097678147363854,3.535838715665823,2.0266968797843568
20260830,93,test,8,0.06541182159979536,18.119752880008434,12.381434554517522,11.514110540071995,9.308437698741898,7.827184401495837,5.269889003493317,3.520900932405299,1.18524604281949
20260830,94,test,8,0.05145985781478268,17.753064817223812,14.170833762263504,11.401904145743547,8.769562887523954,6.524272098925836,3.3919211321000566,2.4630638343612645,0.9135701912709582
20260830,95,test,8,0.08862144288020898,18.328826528417075,11.914495877165594,11.454749721923097,8.503378790387707,8.015112642068974,3.7767871483458544,3.154309741813961,1.624327053249373
20260830,96,test,8,0.06246609152557827,15.681748672255162,10.393920972546452,8.693148316561492,7.233629644863144,6.573046532889472,2.84419588907531,1.9995598745227023,0.9795775478422065
20260830,97,test,8,0.15503653266086695,22.20902237177409,18.513208724362105,15.815335746047513,14.280455581596772,10.599332813021771,6.48689966911535,5.532963526548481,3.4432098223074785
20260830,98,test,8,0.03291668005975041,14.365368655237399,8.268346820102373,7.481672234211006,5.249099226363017,4.6517917206065755,1.8884795439649869,1.505463074658866,0.47286024396481646
20260830,99,test,8,0.1700202402330495,23.297653376104538,21.467006637731618,17.44374566472196,16.136915458479184,13.027123919983598,9.272320063128975,5.813106514413526,3.9610726238716105
20260830,100,test,8,0.11814963450121295,20.423651878327437,16.7863492583637,15.308370080810382,11.226446270567841,9.215026382489917,5.871908348871543,4.451031213405028,2.413047004604398
20260830,101,test,8,0.044735623817586834,14.48492446079274,9.164728638009578,7.677643258759099,6.40753581662012,5.204242487877615,2.296368264376149,1.5794333690438465,0.6479921317041858
20260830,102,test,8,0.10873030790658468,17.238600790120337,12.52648524445714,10.386391938437406,9.283614285440787,7.995218060172526,3.9703476021246034,3.6516108953928272,1.8743583717884782
20260830,103,test,8,0.12212766257197924,22.87135042438935,19.345697604625574,16.92041608729383,13.418106781099928,11.650770451245679,7.501014329416781,6.431225438816513,2.793224567195317
20260830,104,test,8,0.07138120114122973,18.0284337275516,12.547808422970842,11.698834962735983,8.35685803221055,7.743106565794424,3.696267864044866,3.1218983061494625,1.286891254167691
20260830,105,test,8,0.09869525259818301,18.88785280428952,13.647902314240632,11.610111389882183,11.221447873630265,9.21367653275983,5.008122632085948,3.2222654029120217,1.8641414035566535
20260830,106,test,8,0.10312163915350875,18.372532718246237,13.2414406658277,12.545538036686356,9.556426409719803,8.507629100777432,5.5802932849724804,4.002264081284885,1.8946056893070218
20260830,107,test,8,0.08705952738497517,19.588940787418288,14.146467305004258,11.706761995543337,9.620702722703962,7.819075273935569,4.97512109039664,2.282769902034186,1.7054039269248995
20260830,108,test,8,0.05022041272482348,17.834145141766466,12.440089786519726,10.894515391939445,9.19007306073515,8.47632940430392,4.12002189891519,1.960316572201481,0.8956381296139174
20260830,109,test,8,0.05175917549014708,17.696508001477213,13.635251187366622,10.03297685545353,7.415019537513236,7.189846211910426,3.4893102993773515,2.517870994408894,0.915956663211251
20260830,110,test,8,0.16084447545848365,22.640658904358126,18.380664338205342,15.852976572369197,14.870532811445203,14.295969040789169,9.139816903876442,4.898404051588227,3.64162490550593
20260830,111,test,8,0.05120349442017904,14.557103117651955,8.635180025752774,7.369362946438255,5.878194544659325,5.181050164744695,2.2205033874852975,1.5332544102105885,0.7453745482586628
20260830,112,test,8,0.07609963359757471,18.20910685784932,13.318547258163001,11.906692435253962,8.986946146645938,8.466501761371962,3.9066718057271355,3.2814094614395493,1.3857063600214183
20260830,113,test,8,0.03431533144898745,20.647633486805553,15.066414577439696,10.495729220336887,8.45266495741251,7.269085036977732,4.3215314390111645,2.2179591838787758,0.7085303867369449
20260830,114,test,8,0.05654462408256765,17.674301578298586,12.758231128369005,10.53055337049317,8.817525903971125,8.013590893650248,3.428209860067999,2.474934697614439,0.9993867386668256
20260830,115,test,8,0.11599700608432928,20.513225936850382,16.159973584576296,14.193825494981553,12.575338685812795,10.095600541324375,5.811313779506829,4.734004588176496,2.379472793806055
20260830,116,test,8,0.0950078680849592,20.819515502305237,16.624685560767045,13.91144589233626,12.278877416454016,10.534524071206517,6.6301588865371,3.8619873205447637,1.978017782435779
20260830,117,test,8,0.0730734806275122,15.282652975252114,10.471402684504461,8.08867833437564,6.972135468983852,5.427320000055874,2.936198487661381,2.0740685891248645,1.1167566461240772
20260830,118,test,8,0.07889930221519395,20.4719778326641,13.791627370348515,11.294732194790775,10.571506155045869,8.141157509308679,4.203193500954373,3.881644579558442,1.615224765962116
20260830,119,test,8,0.0850701795204563,17.561153190016185,12.844261652078028,11.16126810510235,9.160176670683189,7.315403513297575,4.26016138522093,3.267226803286018,1.4939304544609107
